{
  "source_path": "2017-10-22_18-45-30_011.jpeg",
  "source_width": 2592,
  "source_height": 4608,
  "paintings": [
    {
      "index": 0,
      "filename": "painting_0.png",
      "bounds": {
        "x": 77.76000213623047,
        "y": 691.2000122070312,
        "width": 2280.9599685668945,
        "height": 2396.1600952148438
      },
      "corners": [
        [
          77.76000213623047,
          783.3599853515625
        ],
        [
          2332.800048828125,
          691.2000122070312
        ],
        [
          2358.719970703125,
          2995.199951171875
        ],
        [
          103.68000030517578,
          3087.360107421875
        ]
      ],
      "rotation_degrees": 0
    }
  ]
}