{
  "source_path": "2017-10-22_18-41-22_438.jpeg",
  "source_width": 2592,
  "source_height": 4608,
  "paintings": [
    {
      "index": 0,
      "filename": "painting_0.png",
      "bounds": {
        "x": 427.67999267578125,
        "y": 115.19999694824219,
        "width": 772.4159545898438,
        "height": 1451.5199737548828
      },
      "corners": [
        [
          427.67999267578125,
          115.19999694824219
        ],
        [
          1200.095947265625,
          115.19999694824219
        ],
        [
          1200.095947265625,
          1566.719970703125
        ],
        [
          427.67999267578125,
          1566.719970703125
        ]
      ],
      "rotation_degrees": 0
    },
    {
      "index": 1,
      "filename": "painting_1.png",
      "bounds": {
        "x": 1389.31201171875,
        "y": 115.19999694824219,
        "width": 775.008056640625,
        "height": 1451.5199737548828
      },
      "corners": [
        [
          1389.31201171875,
          115.19999694824219
        ],
        [
          2164.320068359375,
          115.19999694824219
        ],
        [
          2164.320068359375,
          1566.719970703125
        ],
        [
          1389.31201171875,
          1566.719970703125
        ]
      ],
      "rotation_degrees": 0
    },
    {
      "index": 2,
      "filename": "painting_2.png",
      "bounds": {
        "x": 427.67999267578125,
        "y": 1935.3599853515625,
        "width": 772.4159545898438,
        "height": 1382.4000244140625
      },
      "corners": [
        [
          427.67999267578125,
          1935.3599853515625
        ],
        [
          1200.095947265625,
          1935.3599853515625
        ],
        [
          1200.095947265625,
          3317.760009765625
        ],
        [
          427.67999267578125,
          3317.760009765625
        ]
      ],
      "rotation_degrees": 0
    },
    {
      "index": 3,
      "filename": "painting_3.png",
      "bounds": {
        "x": 1389.31201171875,
        "y": 1935.3599853515625,
        "width": 775.008056640625,
        "height": 1382.4000244140625
      },
      "corners": [
        [
          1389.31201171875,
          1935.3599853515625
        ],
        [
          2164.320068359375,
          1935.3599853515625
        ],
        [
          2164.320068359375,
          3317.760009765625
        ],
        [
          1389.31201171875,
          3317.760009765625
        ]
      ],
      "rotation_degrees": 0
    }
  ]
}